"1.2899,21/03/2013 13:33:10,"
"1.2905,21/03/2013 13:48:01,"
"1.2907,21/03/2013 14:03:01,"
"1.2888,21/03/2013 14:18:02,"
"1.2895,21/03/2013 14:33:01,"
"1.2899,21/03/2013 14:48:01,"
"1.2906,21/03/2013 15:03:02,"
"1.2903,21/03/2013 15:18:01,"
"1.2918,21/03/2013 15:33:01,"
"1.2919,21/03/2013 16:18:01,"
"1.2909,21/03/2013 16:33:01,"
"1.2912,21/03/2013 16:48:02,"
"1.2905,21/03/2013 17:03:01,"
"1.29,21/03/2013 17:18:04,"
"1.2892,21/03/2013 17:33:02,"
"1.2907,21/03/2013 17:48:01,"
"1.2906,21/03/2013 18:03:01,"
"1.2895,21/03/2013 20:18:01,"
"1.2898,21/03/2013 20:33:06,"
"1.2897,21/03/2013 20:48:02,"
"1.2896,21/03/2013 21:03:01,"
"1.2902,21/03/2013 21:18:01,"
"1.2902,21/03/2013 21:33:01,"
"1.2902,21/03/2013 21:48:02,"
"1.2896,21/03/2013 22:03:03,"
"1.2896,21/03/2013 22:18:05,"
"1.2892,21/03/2013 22:33:01,"
"1.2894,21/03/2013 22:48:01,"
"1.2897,21/03/2013 23:03:01,"
"1.2897,21/03/2013 23:18:01,"
"1.2897,21/03/2013 23:33:01,"
"1.2897,21/03/2013 23:48:01,"
"1.2897,22/03/2013 00:03:04,"
"1.2897,22/03/2013 00:18:02,"
"1.2905,22/03/2013 00:33:22,"
"1.291,22/03/2013 01:18:06,"
"1.2911,22/03/2013 01:33:02,"
"1.291,22/03/2013 01:48:07,"
"1.291,22/03/2013 02:03:03,"
"1.2912,22/03/2013 02:18:01,"
"1.2913,22/03/2013 02:33:01,"
"1.2913,22/03/2013 02:48:01,"
"1.291,22/03/2013 03:03:01,"
"1.291,22/03/2013 03:18:01,"
"1.2911,22/03/2013 03:33:01,"
"1.2917,22/03/2013 03:48:02,"
"1.2915,22/03/2013 04:03:15,"
"1.2914,22/03/2013 04:18:01,"
"1.2915,22/03/2013 04:33:01,"
"1.2916,22/03/2013 04:48:02,"
"1.2917,22/03/2013 05:03:02,"
"1.2918,22/03/2013 05:18:02,"
"1.2903,22/03/2013 05:33:01,"
"1.2894,22/03/2013 05:48:01,"
"1.289,22/03/2013 06:03:01,"
"1.29,22/03/2013 06:18:01,"
"1.2901,22/03/2013 06:33:01,"
"1.2901,22/03/2013 06:48:01,"
"1.2903,22/03/2013 07:03:02,"
"1.2901,22/03/2013 07:18:01,"
"1.2901,22/03/2013 07:33:02,"
"1.2897,22/03/2013 07:48:01,"
"1.2902,22/03/2013 08:03:01,"
"1.2909,22/03/2013 08:18:02,"
"1.2906,22/03/2013 08:33:01,"
"1.2911,22/03/2013 08:48:01,"
"1.2918,22/03/2013 09:03:01,"
"1.2915,22/03/2013 09:18:08,"
"1.2921,22/03/2013 09:33:07,"
"1.2928,22/03/2013 09:48:03,"
"1.2935,22/03/2013 10:03:01,"
"1.2928,22/03/2013 10:18:02,"
"1.2927,22/03/2013 10:33:01,"
"1.2933,22/03/2013 10:48:01,"
"1.294,22/03/2013 11:03:01,"
"1.2954,22/03/2013 11:18:01,"
"1.2959,22/03/2013 11:33:02,"
"1.2958,22/03/2013 11:48:01,"
"1.295,22/03/2013 12:03:01,"
"1.2957,22/03/2013 12:18:01,"
"1.2953,22/03/2013 12:33:02,"
"1.2959,22/03/2013 12:48:01,"
"1.295,22/03/2013 13:03:02,"
"1.2947,22/03/2013 13:18:02,"
"1.2945,22/03/2013 13:33:02,"
"1.2943,22/03/2013 13:48:01,"
"1.2951,22/03/2013 14:03:01,"
"1.2993,22/03/2013 14:18:01,"
"1.2987,22/03/2013 14:33:02,"
"1.2985,22/03/2013 14:48:01,"
"1.2973,22/03/2013 15:03:01,"
"1.2978,22/03/2013 15:18:02,"
"1.30,22/03/2013 15:33:02,"
"1.2992,22/03/2013 15:48:02,"
"1.2992,22/03/2013 16:03:02,"
"1.298,22/03/2013 16:18:02,"
"1.2984,22/03/2013 16:33:02,"
"1.2986,22/03/2013 16:48:01,"
"1.2987,22/03/2013 17:03:03,"
"1.2981,22/03/2013 18:07:41,"
"1.2983,22/03/2013 18:18:06,"
"1.2984,22/03/2013 18:33:02,"
"1.2984,22/03/2013 18:48:02,"
"1.2983,22/03/2013 19:03:08,"
"1.2981,22/03/2013 19:18:02,"
"1.2983,22/03/2013 19:33:01,"
"1.2984,22/03/2013 19:48:02,"
"1.2985,22/03/2013 20:03:02,"
"1.2996,22/03/2013 20:18:02,"
"1.2996,22/03/2013 20:33:01,"
"1.2987,22/03/2013 20:48:05,"
"1.299,22/03/2013 21:03:02,"
"1.2981,22/03/2013 21:18:01,"
"1.2989,22/03/2013 21:33:01,"
"1.2989,22/03/2013 21:48:05,"
"1.2987,22/03/2013 22:03:02,"
"1.2987,22/03/2013 22:18:05,"
"1.2987,22/03/2013 22:33:01,"
"1.2987,22/03/2013 22:48:01,"
"1.2987,22/03/2013 23:03:02,"
"1.2987,22/03/2013 23:18:14,"
"1.2987,22/03/2013 23:33:02,"
"1.2987,22/03/2013 23:48:02,"
"1.2987,23/03/2013 00:03:01,"
"1.2987,23/03/2013 00:18:01,"
"1.2987,23/03/2013 00:33:01,"
"1.2987,23/03/2013 00:48:01,"
"1.2987,23/03/2013 01:03:01,"
"1.2987,23/03/2013 01:18:01,"
"1.2987,23/03/2013 01:33:02,"
"1.2987,23/03/2013 01:48:02,"
"1.2987,23/03/2013 02:03:02,"
"1.2987,23/03/2013 02:18:01,"
"1.2987,23/03/2013 02:33:02,"
"1.2987,23/03/2013 02:48:01,"
"1.2987,23/03/2013 03:03:01,"
"1.2987,23/03/2013 03:18:01,"
"1.2987,23/03/2013 03:33:02,"
"1.2987,23/03/2013 03:48:01,"
"1.2987,23/03/2013 04:03:01,"
"1.2987,23/03/2013 04:18:01,"
"1.2987,23/03/2013 04:33:02,"
"1.2987,23/03/2013 04:48:01,"
"1.2987,23/03/2013 05:03:01,"
"1.2987,23/03/2013 05:18:01,"
"1.2987,23/03/2013 05:33:02,"
"1.2987,23/03/2013 05:48:01,"
"1.2987,23/03/2013 06:03:02,"
"1.2987,23/03/2013 06:18:02,"
"1.2987,23/03/2013 06:33:01,"
"1.2987,23/03/2013 06:48:01,"
"1.2987,23/03/2013 07:03:02,"
"1.2987,23/03/2013 07:18:01,"
"1.2987,23/03/2013 07:33:02,"
"1.2987,23/03/2013 07:48:01,"
"1.2987,23/03/2013 08:03:02,"
"1.2987,23/03/2013 08:18:02,"
"1.2987,23/03/2013 08:33:02,"
"1.2987,23/03/2013 08:48:01,"
"1.2987,23/03/2013 09:03:01,"
"1.2987,23/03/2013 09:18:01,"
"1.2987,23/03/2013 09:33:02,"
"1.2987,23/03/2013 09:48:02,"
"1.2987,23/03/2013 10:03:02,"
"1.2987,23/03/2013 10:18:01,"
"1.2987,23/03/2013 10:33:01,"
"1.2987,23/03/2013 10:48:01,"
"1.2987,23/03/2013 11:03:06,"
"1.2987,23/03/2013 11:18:02,"
"1.2987,23/03/2013 11:33:02,"
"1.2987,23/03/2013 11:48:02,"
"1.2987,23/03/2013 12:03:02,"
"1.2987,23/03/2013 12:18:02,"
"1.2987,23/03/2013 12:33:02,"
"1.2987,23/03/2013 12:48:02,"
"1.2987,23/03/2013 13:03:03,"
"1.2987,23/03/2013 13:18:02,"
"1.2987,23/03/2013 13:33:05,"
"1.2987,23/03/2013 13:48:05,"
"1.2987,23/03/2013 14:03:05,"
"1.2987,23/03/2013 14:18:02,"
"1.2987,23/03/2013 14:33:05,"
"1.2987,23/03/2013 14:48:02,"
"1.2987,23/03/2013 15:03:02,"
"1.2987,23/03/2013 15:18:02,"
"1.2987,23/03/2013 15:33:02,"
"1.2987,23/03/2013 15:48:02,"
"1.2987,23/03/2013 16:03:01,"
"1.2987,23/03/2013 16:18:02,"
"1.2987,23/03/2013 16:33:02,"
"1.2987,23/03/2013 16:48:02,"
"1.2987,23/03/2013 17:03:02,"
"1.2987,23/03/2013 17:18:02,"
"1.2987,23/03/2013 17:33:02,"
"1.2987,23/03/2013 17:48:02,"
"1.2987,23/03/2013 18:03:02,"
"1.2987,23/03/2013 18:18:02,"
"1.2987,23/03/2013 18:33:02,"
"1.2987,23/03/2013 18:48:02,"
"1.2987,23/03/2013 19:03:05,"
"1.2987,23/03/2013 19:18:02,"
"1.2987,23/03/2013 19:33:05,"
"1.2987,23/03/2013 19:48:10,"
"1.2987,23/03/2013 20:03:02,"
"1.2987,23/03/2013 20:18:02,"
"1.2987,23/03/2013 20:33:02,"
"1.2987,23/03/2013 20:48:05,"
"1.2987,23/03/2013 21:03:02,"
"1.2987,23/03/2013 21:18:02,"
"1.2987,23/03/2013 21:33:02,"
"1.2987,23/03/2013 21:48:02,"
"1.2987,23/03/2013 22:03:02,"
"1.2987,23/03/2013 22:18:02,"
"1.2987,23/03/2013 22:33:02,"
"1.2987,23/03/2013 22:48:02,"
"1.2987,23/03/2013 23:03:02,"
"1.2987,23/03/2013 23:18:02,"
"1.2987,23/03/2013 23:33:01,"
"1.2987,23/03/2013 23:48:01,"
"1.2987,24/03/2013 00:03:01,"
"1.2987,24/03/2013 00:18:01,"
"1.2987,24/03/2013 00:33:01,"
"1.2987,24/03/2013 00:48:01,"
"1.2987,24/03/2013 01:03:02,"
"1.2987,24/03/2013 01:18:01,"
"1.2987,24/03/2013 01:33:01,"
"1.2987,24/03/2013 01:48:01,"
"1.2987,24/03/2013 02:03:02,"
"1.2987,24/03/2013 02:18:02,"
"1.2987,24/03/2013 02:33:01,"
"1.2987,24/03/2013 02:48:01,"
"1.2987,24/03/2013 03:03:01,"
"1.2987,24/03/2013 03:18:02,"
"1.2987,24/03/2013 03:33:02,"
"1.2987,24/03/2013 03:48:02,"
"1.2987,24/03/2013 04:03:02,"
"1.2987,24/03/2013 04:18:02,"
"1.2987,24/03/2013 04:33:02,"
"1.2987,24/03/2013 04:48:01,"
"1.2987,24/03/2013 05:03:01,"
"1.2987,24/03/2013 05:18:01,"
"1.2782,27/03/2013 12:48:07,"
"1.2776,27/03/2013 13:03:03,"
"1.2773,27/03/2013 13:18:02,"
"1.2764,27/03/2013 13:33:10,"
"1.2776,27/03/2013 13:48:02,"
"1.2777,27/03/2013 16:33:14,"
"1.2775,27/03/2013 16:48:04,"
"1.2768,27/03/2013 17:03:06,"
"1.2775,27/03/2013 17:18:03,"
"1.2774,27/03/2013 17:33:09,"
"1.2773,27/03/2013 17:48:06,"
"1.277,27/03/2013 18:03:35,"
"1.2775,27/03/2013 18:18:03,"
"1.2777,27/03/2013 18:33:07,"
"1.2778,27/03/2013 18:48:13,"
"1.2775,27/03/2013 19:03:27,"
"1.2768,27/03/2013 19:18:09,"
"1.2769,27/03/2013 19:33:25,"
"1.2771,27/03/2013 19:48:15,"
"1.2773,27/03/2013 20:03:05,"
"1.2772,27/03/2013 20:18:25,"
"1.2776,27/03/2013 20:33:09,"
"1.2777,27/03/2013 20:48:11,"
"1.2781,27/03/2013 21:03:05,"
"1.278,27/03/2013 21:18:15,"
"1.2779,27/03/2013 21:48:05,"
"1.2779,27/03/2013 22:03:03,"
"1.2782,27/03/2013 22:18:02,"
"1.2783,27/03/2013 22:33:19,"
"1.2779,27/03/2013 22:48:04,"
"1.2778,27/03/2013 23:03:02,"
"1.2778,27/03/2013 23:33:01,"
"1.2778,27/03/2013 23:48:05,"
"1.2778,28/03/2013 00:03:15,"
"1.2778,28/03/2013 00:18:05,"
"1.2783,28/03/2013 00:33:02,"
"1.2779,28/03/2013 00:48:05,"
"1.2782,28/03/2013 01:03:02,"
"1.2784,28/03/2013 01:18:08,"
"1.2782,28/03/2013 01:33:11,"
"1.278,28/03/2013 01:48:01,"
"1.2782,28/03/2013 02:03:01,"
"1.2786,28/03/2013 02:18:07,"
"1.2784,28/03/2013 02:33:05,"
"1.2789,28/03/2013 02:48:02,"
"1.2786,28/03/2013 03:03:02,"
"1.2787,28/03/2013 03:18:02,"
"1.2785,28/03/2013 03:33:01,"
"1.2778,28/03/2013 03:48:01,"
"1.2779,28/03/2013 04:03:01,"
"1.2779,28/03/2013 04:18:01,"
"1.2782,28/03/2013 04:33:01,"
"1.2784,28/03/2013 04:48:01,"
"1.2785,28/03/2013 05:03:01,"
"1.2787,28/03/2013 05:18:01,"
"1.2793,28/03/2013 05:33:02,"
"1.279,28/03/2013 05:48:01,"
"1.2791,28/03/2013 06:03:02,"
"1.2788,28/03/2013 06:18:01,"
"1.279,28/03/2013 06:33:01,"
"1.28,28/03/2013 06:48:01,"
"1.2808,28/03/2013 07:03:01,"
"1.2804,28/03/2013 07:18:01,"
"1.2796,28/03/2013 07:33:01,"
"1.2789,28/03/2013 07:48:01,"
"1.2794,28/03/2013 08:03:01,"
"1.2801,28/03/2013 08:18:01,"
"1.2797,28/03/2013 08:33:01,"
"1.2792,28/03/2013 08:48:02,"
"1.276,28/03/2013 09:03:02,"
"1.2767,28/03/2013 09:18:02,"
"1.2763,28/03/2013 09:33:01,"
"1.2773,28/03/2013 09:48:01,"
"1.2774,28/03/2013 10:03:02,"
"1.2785,28/03/2013 10:18:01,"
"1.2789,28/03/2013 10:33:02,"
"1.2802,28/03/2013 10:48:06,"
"1.2806,28/03/2013 11:03:01,"
"1.2795,28/03/2013 11:18:01,"
"1.28,28/03/2013 11:33:02,"
"1.2811,28/03/2013 11:48:01,"
"1.2804,28/03/2013 12:18:15,"
"1.2805,28/03/2013 12:33:12,"
"1.2805,28/03/2013 12:48:18,"
"1.2797,28/03/2013 13:03:05,"
"1.2803,28/03/2013 13:18:05,"
"1.2812,28/03/2013 13:33:08,"
"1.2817,28/03/2013 13:48:14,"
"1.2829,28/03/2013 14:03:09,"
"1.2828,28/03/2013 14:18:05,"
"1.2837,28/03/2013 14:33:06,"
"1.2828,28/03/2013 14:48:09,"
"1.2831,28/03/2013 15:03:05,"
"1.2818,28/03/2013 15:18:15,"
"1.2836,28/03/2013 15:33:15,"
"1.284,28/03/2013 15:48:14,"
"1.2828,28/03/2013 16:03:15,"
"1.2823,28/03/2013 16:18:14,"
"1.2825,28/03/2013 16:33:03,"
"1.2817,28/03/2013 16:48:06,"
"1.2816,28/03/2013 17:03:06,"
"1.2818,28/03/2013 17:18:04,"
"1.2812,28/03/2013 17:33:08,"
"1.2813,28/03/2013 17:48:04,"
"1.282,28/03/2013 18:03:15,"
"1.2817,28/03/2013 18:18:05,"
"1.2825,28/03/2013 18:33:06,"
"1.2828,28/03/2013 18:48:04,"
"1.2822,28/03/2013 19:03:09,"
"1.2822,28/03/2013 19:18:09,"
"1.2824,28/03/2013 19:33:07,"
"1.2819,28/03/2013 19:49:01,"
"1.2819,28/03/2013 20:03:06,"
"1.2816,28/03/2013 20:18:03,"
"1.2817,28/03/2013 20:33:10,"
"1.2819,28/03/2013 20:48:06,"
"1.2818,28/03/2013 21:03:05,"
"1.2818,28/03/2013 21:18:04,"
"1.2819,28/03/2013 21:33:21,"
"1.2815,28/03/2013 21:48:04,"
"1.2815,28/03/2013 22:03:02,"
"1.2817,28/03/2013 22:18:02,"
"1.2817,28/03/2013 22:33:02,"
"1.2816,28/03/2013 22:48:02,"
"1.2817,28/03/2013 23:03:01,"
"1.2817,28/03/2013 23:18:01,"
"1.2817,28/03/2013 23:33:02,"
"1.2817,28/03/2013 23:48:02,"
"1.2817,29/03/2013 00:03:02,"
"1.2817,29/03/2013 00:18:02,"
"1.2814,29/03/2013 00:33:02,"
"1.2823,29/03/2013 00:48:02,"
"1.2817,29/03/2013 10:48:02,"
"1.2819,29/03/2013 11:03:02,"
"1.2823,29/03/2013 11:18:02,"
"1.2822,29/03/2013 11:33:01,"
"1.2822,29/03/2013 11:48:01,"
"1.2823,29/03/2013 12:03:01,"
"1.2823,29/03/2013 12:18:02,"
"1.2822,29/03/2013 12:33:01,"
"1.282,29/03/2013 12:48:02,"
"1.2822,29/03/2013 13:03:11,"
"1.2821,29/03/2013 13:25:42,"
"1.2816,29/03/2013 13:33:03,"
"1.2816,29/03/2013 13:48:03,"
"1.2815,29/03/2013 14:03:12,"
"1.2818,29/03/2013 14:18:01,"
"1.2823,29/03/2013 14:33:02,"
"1.2819,29/03/2013 14:48:04,"
"1.2821,29/03/2013 15:03:03,"
"1.2817,29/03/2013 15:18:04,"
"1.2817,29/03/2013 15:33:03,"
"1.2817,29/03/2013 15:48:02,"
"1.2815,29/03/2013 16:03:02,"
"1.2813,29/03/2013 16:18:02,"
"1.2814,29/03/2013 16:33:03,"
"1.2813,29/03/2013 16:48:02,"
"1.2817,29/03/2013 17:03:14,"
"1.2814,29/03/2013 17:18:02,"
"1.2817,29/03/2013 17:33:15,"
"1.2819,29/03/2013 17:48:04,"
"1.2817,29/03/2013 18:03:13,"
"1.2818,29/03/2013 18:18:07,"
"1.2818,29/03/2013 18:33:11,"
"1.2818,29/03/2013 18:48:04,"
"1.282,29/03/2013 23:48:02,"
"1.282,30/03/2013 00:03:02,"
"1.282,30/03/2013 00:18:02,"
"1.282,30/03/2013 00:33:02,"
"1.282,30/03/2013 10:18:06,"
"1.282,30/03/2013 10:33:03,"
"1.282,30/03/2013 10:48:02,"
"1.282,30/03/2013 11:03:02,"
"1.282,30/03/2013 11:18:02,"
"1.282,30/03/2013 11:33:01,"
"1.282,30/03/2013 11:48:02,"
"1.282,30/03/2013 12:03:03,"
"1.282,30/03/2013 12:18:02,"
"1.282,30/03/2013 12:33:02,"
"1.282,30/03/2013 12:48:01,"
"1.282,30/03/2013 13:03:01,"
"1.282,30/03/2013 13:18:01,"
"1.282,30/03/2013 13:33:02,"
"1.282,30/03/2013 13:48:01,"
"1.282,30/03/2013 14:03:01,"
"1.282,30/03/2013 14:18:01,"
"1.282,30/03/2013 14:33:02,"
"1.282,30/03/2013 14:48:01,"
"1.282,30/03/2013 15:03:01,"
"1.282,30/03/2013 15:18:02,"
"1.282,30/03/2013 15:33:01,"
"1.282,30/03/2013 15:48:01,"
"1.282,30/03/2013 16:03:02,"
"1.282,30/03/2013 16:18:02,"
"1.282,30/03/2013 16:33:01,"
"1.282,30/03/2013 16:48:02,"
"1.282,30/03/2013 17:03:02,"
"1.282,30/03/2013 17:18:02,"
"1.282,30/03/2013 17:33:02,"
"1.282,30/03/2013 17:48:01,"
"1.282,30/03/2013 18:03:01,"
"1.282,30/03/2013 18:18:02,"
"1.282,30/03/2013 18:33:02,"
"1.282,30/03/2013 18:48:01,"
"1.282,30/03/2013 19:03:02,"
"1.282,30/03/2013 19:18:03,"
"1.282,30/03/2013 19:33:06,"
"1.282,30/03/2013 19:48:05,"
"1.282,30/03/2013 20:03:02,"
"1.282,30/03/2013 20:18:02,"
"1.282,30/03/2013 20:33:02,"
"1.282,30/03/2013 20:48:01,"
"1.282,30/03/2013 21:03:01,"
"1.282,30/03/2013 21:18:02,"
"1.282,30/03/2013 21:33:02,"
"1.282,30/03/2013 21:48:01,"
"1.282,30/03/2013 22:03:01,"
"1.282,30/03/2013 22:18:02,"
"1.282,30/03/2013 22:33:02,"
"1.282,30/03/2013 22:48:02,"
"1.282,30/03/2013 23:03:02,"
"1.282,30/03/2013 23:18:02,"
"1.282,30/03/2013 23:33:02,"
"1.282,30/03/2013 23:48:02,"
"1.282,31/03/2013 12:02:59,"
"1.282,31/03/2013 12:18:03,"
"1.282,31/03/2013 12:33:02,"
"1.282,31/03/2013 12:48:02,"
"1.282,31/03/2013 13:03:15,"
"1.282,31/03/2013 13:18:02,"
"1.282,31/03/2013 13:33:02,"
"1.282,31/03/2013 13:48:01,"
"1.282,31/03/2013 14:03:02,"
"1.282,31/03/2013 14:18:02,"
"1.282,31/03/2013 14:33:05,"
"1.282,31/03/2013 14:48:02,"
"1.282,31/03/2013 15:03:01,"
"1.282,31/03/2013 15:18:01,"
"1.282,31/03/2013 15:33:02,"
"1.282,31/03/2013 15:48:02,"
"1.282,31/03/2013 16:03:02,"
"1.282,31/03/2013 16:18:02,"
"1.282,31/03/2013 16:33:05,"
"1.282,31/03/2013 23:48:01,"
"1.282,01/04/2013 00:03:02,"
"1.282,01/04/2013 00:18:02,"
"1.2804,01/04/2013 00:33:02,"
"1.2804,01/04/2013 00:48:02,"
"1.2804,01/04/2013 01:03:02,"
"1.2804,01/04/2013 01:18:02,"
"1.2804,01/04/2013 01:33:02,"
"1.2804,01/04/2013 01:48:02,"
"1.2804,01/04/2013 12:48:05,"
"1.2804,01/04/2013 13:03:04,"
"1.2804,01/04/2013 13:18:02,"
"1.2804,01/04/2013 13:33:02,"
"1.2804,01/04/2013 13:48:01,"
"1.2804,01/04/2013 14:03:04,"
"1.2804,01/04/2013 14:18:02,"
"1.2804,01/04/2013 14:33:03,"
"1.2804,01/04/2013 14:48:02,"
"1.2804,01/04/2013 15:03:05,"
"1.2804,01/04/2013 15:18:02,"
"1.2804,01/04/2013 15:33:08,"
"1.2804,01/04/2013 15:48:01,"
"1.2804,01/04/2013 16:03:06,"
"1.2804,01/04/2013 16:18:08,"
"1.2804,01/04/2013 16:33:02,"
"1.2804,01/04/2013 16:48:02,"
"1.2804,01/04/2013 17:03:02,"
"1.2804,01/04/2013 17:18:02,"
"1.2804,01/04/2013 17:33:02,"
"1.2804,01/04/2013 17:48:05,"
"1.2804,01/04/2013 18:03:06,"
"1.2804,01/04/2013 18:18:02,"
"1.2804,01/04/2013 18:33:06,"
"1.2804,01/04/2013 18:48:05,"
"1.2804,01/04/2013 19:03:02,"
"1.2804,01/04/2013 19:18:03,"
"1.2804,01/04/2013 19:33:02,"
"1.2804,01/04/2013 19:48:02,"
"1.2804,01/04/2013 20:03:05,"
"1.2804,01/04/2013 20:18:02,"
"1.2804,01/04/2013 20:33:09,"
"1.2804,01/04/2013 20:48:02,"
"1.2804,01/04/2013 21:03:05,"
"1.2804,01/04/2013 21:18:02,"
"1.2804,01/04/2013 21:33:02,"
"1.2804,01/04/2013 21:48:02,"
"1.2804,01/04/2013 22:03:05,"
"1.2843,01/04/2013 22:18:02,"
"1.2845,01/04/2013 22:33:05,"
"1.2847,01/04/2013 22:48:02,"
"1.2844,01/04/2013 23:03:02,"
"1.2844,01/04/2013 23:18:02,"
"1.2844,01/04/2013 23:33:02,"
"1.2844,01/04/2013 23:48:02,"
"1.2844,02/04/2013 00:03:02,"
"1.2844,02/04/2013 00:18:02,"
"1.2847,02/04/2013 00:33:05,"
"1.2848,02/04/2013 00:48:02,"
"1.2848,02/04/2013 01:03:02,"
"1.2848,02/04/2013 08:51:45,"
"1.2849,02/04/2013 09:03:03,"
"1.2836,02/04/2013 09:18:06,"
"1.2834,02/04/2013 09:33:02,"
"1.2837,02/04/2013 09:48:51,"
"1.284,02/04/2013 10:03:02,"
"1.2834,02/04/2013 10:18:05,"
"1.2837,02/04/2013 10:33:02,"
"1.2845,02/04/2013 10:48:02,"
"1.284,02/04/2013 11:03:02,"
"1.2855,02/04/2013 11:18:02,"
"1.285,02/04/2013 11:33:01,"
"1.2838,02/04/2013 11:48:02,"
"1.2839,02/04/2013 12:03:01,"
"1.2836,02/04/2013 12:18:01,"
"1.2833,02/04/2013 12:33:02,"
"1.2832,02/04/2013 12:48:02,"
"1.284,02/04/2013 13:03:10,"
"1.2841,02/04/2013 13:18:05,"
"1.2834,02/04/2013 13:33:07,"
"1.2833,02/04/2013 13:48:07,"
"1.283,02/04/2013 14:03:01,"
"1.2828,02/04/2013 14:18:02,"
"1.2814,02/04/2013 14:33:03,"
"1.2816,02/04/2013 14:48:01,"
"1.2822,02/04/2013 15:03:02,"
"1.2816,02/04/2013 15:18:02,"
"1.2829,02/04/2013 15:33:01,"
"1.2824,02/04/2013 15:48:02,"
"1.2835,02/04/2013 16:03:02,"
"1.2836,02/04/2013 16:18:02,"
"1.2838,02/04/2013 16:33:08,"
"1.2834,02/04/2013 16:48:02,"
"1.2836,02/04/2013 17:03:04,"
"1.2836,02/04/2013 17:18:01,"
"1.2836,02/04/2013 17:33:06,"
"1.2835,02/04/2013 17:48:02,"
"1.2826,02/04/2013 18:03:07,"
"1.2826,02/04/2013 18:18:02,"
"1.2821,02/04/2013 18:33:02,"
"1.2823,02/04/2013 18:48:05,"
"1.282,02/04/2013 19:03:02,"
"1.2824,02/04/2013 19:18:02,"
"1.282,02/04/2013 19:33:09,"
"1.2818,02/04/2013 19:48:02,"
"1.2815,02/04/2013 20:03:05,"
"1.2812,02/04/2013 20:18:02,"
"1.2817,02/04/2013 20:33:06,"
"1.2814,02/04/2013 20:48:02,"
"1.2815,02/04/2013 21:03:04,"
"1.2816,02/04/2013 21:18:11,"
"1.2816,02/04/2013 21:33:03,"
"1.2819,02/04/2013 21:48:02,"
"1.2821,02/04/2013 22:03:11,"
"1.2817,02/04/2013 22:18:02,"
"1.2825,02/04/2013 22:33:02,"
"1.2824,02/04/2013 22:48:02,"
"1.2824,02/04/2013 23:03:01,"
"1.2824,02/04/2013 23:18:02,"
"1.2824,02/04/2013 23:33:05,"
"1.2824,02/04/2013 23:48:02,"
"1.2824,03/04/2013 00:03:01,"
"1.2824,03/04/2013 00:18:01,"
"1.2819,03/04/2013 00:33:02,"
"1.2817,03/04/2013 00:48:06,"
"1.2819,03/04/2013 01:03:02,"
"1.2815,03/04/2013 01:18:01,"
"1.2815,03/04/2013 01:33:01,"
"1.2814,03/04/2013 01:48:01,"
"1.2806,03/04/2013 02:03:01,"
"1.2798,03/04/2013 02:18:01,"
"1.2799,03/04/2013 02:33:01,"
"1.2797,03/04/2013 02:48:01,"
"1.2801,03/04/2013 03:03:02,"
"1.2802,03/04/2013 03:18:08,"
"1.281,03/04/2013 09:21:52,"
"1.2811,03/04/2013 09:49:20,"
"1.2825,03/04/2013 10:21:06,"
"1.2832,03/04/2013 10:48:42,"
"1.2825,03/04/2013 11:20:44,"
"1.282,03/04/2013 11:48:12,"
"1.2814,03/04/2013 12:03:20,"
"1.2816,03/04/2013 12:18:08,"
"1.2813,03/04/2013 12:33:06,"
"1.2816,03/04/2013 12:48:05,"
"1.2834,03/04/2013 13:03:06,"
"1.2835,03/04/2013 13:18:02,"
"1.2838,03/04/2013 13:33:06,"
"1.2834,03/04/2013 13:48:02,"
"1.2833,03/04/2013 14:03:04,"
"1.2829,03/04/2013 14:18:02,"
"1.2838,03/04/2013 14:33:13,"
"1.2842,03/04/2013 15:33:02,"
"1.2845,03/04/2013 15:48:02,"
"1.2845,03/04/2013 16:03:02,"
"1.284,03/04/2013 16:18:01,"
"1.2841,03/04/2013 16:33:03,"
"1.2852,03/04/2013 16:48:02,"
"1.2847,03/04/2013 17:03:03,"
"1.285,04/04/2013 01:33:07,"
"1.2848,04/04/2013 01:48:02,"
"1.2844,04/04/2013 02:03:03,"
"1.2842,04/04/2013 02:18:02,"
"1.2841,04/04/2013 02:33:03,"
"1.2842,04/04/2013 02:48:01,"
"1.2843,04/04/2013 03:03:02,"
"1.2841,04/04/2013 03:18:29,"
"1.2847,04/04/2013 03:49:15,"
"1.2846,04/04/2013 04:04:04,"
"1.2848,04/04/2013 04:19:37,"
"1.2845,04/04/2013 04:51:30,"
"1.2848,04/04/2013 05:03:11,"
"1.2849,04/04/2013 05:18:55,"
"1.2849,04/04/2013 05:33:13,"
"1.2835,04/04/2013 05:48:07,"
"1.2833,04/04/2013 06:03:03,"
"1.2831,04/04/2013 06:18:02,"
"1.2837,04/04/2013 06:33:03,"
"1.2837,04/04/2013 06:48:01,"
"1.2834,04/04/2013 07:03:02,"
"1.2834,04/04/2013 07:18:02,"
"1.2833,04/04/2013 07:33:02,"
"1.2826,04/04/2013 07:48:02,"
"1.2828,04/04/2013 08:03:02,"
"1.2835,04/04/2013 08:18:06,"
"1.2831,04/04/2013 08:33:04,"
"1.2821,04/04/2013 08:48:01,"
"1.2788,04/04/2013 09:03:02,"
"1.2796,04/04/2013 09:25:18,"
"1.28,04/04/2013 10:21:30,"
"1.2799,04/04/2013 10:33:25,"
"1.2797,04/04/2013 10:48:17,"
"1.2791,04/04/2013 11:03:02,"
"1.2802,04/04/2013 11:18:19,"
"1.2807,04/04/2013 11:33:28,"
"1.2808,04/04/2013 11:48:16,"
"1.2802,04/04/2013 12:03:08,"
"1.2805,04/04/2013 12:18:12,"
"1.2795,04/04/2013 12:33:02,"
"1.2817,04/04/2013 12:48:02,"
"1.2807,04/04/2013 13:03:02,"
"1.2824,04/04/2013 13:18:02,"
"1.2825,04/04/2013 13:33:08,"
"1.2749,04/04/2013 13:48:02,"
"1.2768,04/04/2013 14:03:01,"
"1.2787,04/04/2013 14:18:02,"
"1.2791,04/04/2013 14:33:13,"
"1.2839,04/04/2013 14:48:01,"
"1.2849,04/04/2013 15:03:11,"
"1.2871,04/04/2013 15:18:07,"
"1.2852,04/04/2013 15:33:09,"
"1.2858,04/04/2013 15:48:02,"
"1.2851,04/04/2013 16:03:05,"
"1.2853,04/04/2013 16:18:02,"
"1.2859,04/04/2013 16:33:09,"
"1.2861,04/04/2013 16:48:02,"
"1.2852,04/04/2013 17:03:10,"
"1.2851,04/04/2013 17:18:10,"
"1.2857,04/04/2013 17:33:09,"
"1.2872,04/04/2013 17:48:05,"
"1.288,04/04/2013 18:03:02,"
"1.2879,04/04/2013 18:18:03,"
"1.2915,04/04/2013 18:33:16,"
"1.2947,04/04/2013 18:48:14,"
"1.2937,04/04/2013 19:03:11,"
"1.2937,04/04/2013 19:18:02,"
"1.2944,04/04/2013 19:33:21,"
"1.2946,04/04/2013 19:48:02,"
"1.2938,04/04/2013 20:03:09,"
"1.2939,04/04/2013 20:18:02,"
"1.2935,04/04/2013 20:33:21,"
"1.2932,04/04/2013 20:48:02,"
"1.2936,04/04/2013 21:03:02,"
"1.2933,04/04/2013 21:18:02,"
"1.2933,04/04/2013 21:33:02,"
"1.2935,04/04/2013 21:48:02,"
"1.2936,04/04/2013 22:03:08,"
"1.2931,04/04/2013 22:18:02,"
"1.293,04/04/2013 22:33:09,"
"1.2934,04/04/2013 22:48:06,"
"1.2935,04/04/2013 23:03:08,"
"1.2935,04/04/2013 23:18:02,"
"1.2935,04/04/2013 23:33:09,"
"1.2935,04/04/2013 23:48:18,"
"1.2935,05/04/2013 00:03:14,"
"1.2935,05/04/2013 00:18:16,"
"1.2927,05/04/2013 00:33:09,"
"1.2929,05/04/2013 00:48:02,"
"1.2924,05/04/2013 01:03:02,"
"1.293,05/04/2013 01:18:01,"
"1.293,05/04/2013 01:33:01,"
"1.2937,05/04/2013 01:48:01,"
"1.2934,05/04/2013 02:03:02,"
"1.2935,05/04/2013 02:18:02,"
"1.2934,05/04/2013 02:33:02,"
"1.2933,05/04/2013 02:48:01,"
"1.2933,05/04/2013 03:03:01,"
"1.2927,05/04/2013 03:18:02,"
"1.2925,05/04/2013 03:33:05,"
"1.2925,05/04/2013 03:48:02,"
"1.2923,05/04/2013 04:03:02,"
"1.2924,05/04/2013 04:18:02,"
"1.2923,05/04/2013 04:33:01,"
"1.2928,05/04/2013 04:48:01,"
"1.2928,05/04/2013 05:03:02,"
"1.2935,05/04/2013 05:18:01,"
"1.2931,05/04/2013 05:33:02,"
"1.2928,05/04/2013 05:48:01,"
"1.2926,05/04/2013 06:03:02,"
"1.2929,05/04/2013 06:18:02,"
"1.2924,05/04/2013 06:33:01,"
"1.2925,05/04/2013 06:48:02,"
"1.2924,05/04/2013 07:03:02,"
"1.2923,05/04/2013 07:18:01,"
"1.2921,05/04/2013 07:33:02,"
"1.2912,05/04/2013 07:48:02,"
"1.2905,05/04/2013 08:03:02,"
"1.2912,05/04/2013 08:18:01,"
"1.2902,05/04/2013 08:33:01,"
"1.2904,05/04/2013 08:48:02,"
"1.291,05/04/2013 09:03:02,"
"1.2911,05/04/2013 09:18:01,"
"1.2915,05/04/2013 09:33:04,"
"1.2924,05/04/2013 09:48:01,"
"1.292,05/04/2013 10:03:02,"
"1.293,05/04/2013 10:18:02,"
"1.2926,05/04/2013 10:33:04,"
"1.2929,05/04/2013 10:48:02,"
"1.2918,05/04/2013 11:03:10,"
"1.2938,05/04/2013 11:18:11,"
"1.2928,05/04/2013 11:33:01,"
"1.2925,05/04/2013 11:48:02,"
"1.2922,05/04/2013 12:03:02,"
"1.2918,05/04/2013 12:18:02,"
"1.2923,05/04/2013 12:33:02,"
"1.293,05/04/2013 12:48:02,"
"1.2931,05/04/2013 13:03:02,"
"1.2945,05/04/2013 13:18:02,"
"1.2997,05/04/2013 13:33:11,"
"1.2988,05/04/2013 13:48:02,"
"1.2996,05/04/2013 14:03:08,"
"1.2989,05/04/2013 14:18:11,"
"1.2997,05/04/2013 14:33:26,"
"1.2993,05/04/2013 14:48:10,"
"1.3003,05/04/2013 15:03:04,"
"1.3008,05/04/2013 15:18:10,"
"1.3007,05/04/2013 15:33:02,"
"1.3026,05/04/2013 15:48:02,"
"1.3022,05/04/2013 16:03:02,"
"1.3028,05/04/2013 16:18:05,"
"1.3026,05/04/2013 16:33:02,"
"1.303,05/04/2013 16:48:10,"
"1.303,05/04/2013 17:03:11,"
"1.3026,05/04/2013 17:18:01,"
"1.3022,05/04/2013 17:33:02,"
"1.3019,05/04/2013 17:48:03,"
"1.3014,05/04/2013 18:03:02,"
"1.3017,05/04/2013 18:18:03,"
"1.302,05/04/2013 18:33:08,"
"1.3023,05/04/2013 18:48:14,"
"1.3018,05/04/2013 19:03:13,"
"1.3015,05/04/2013 19:18:14,"
"1.3013,05/04/2013 19:48:11,"
"1.3006,05/04/2013 20:03:20,"
"1.3005,05/04/2013 20:34:28,"
"1.2997,05/04/2013 21:03:11,"
"1.3005,05/04/2013 21:18:17,"
"1.3002,05/04/2013 21:34:07,"
"1.3002,05/04/2013 21:48:15,"
"1.2992,05/04/2013 22:03:07,"
"1.299,05/04/2013 22:18:08,"
"1.299,05/04/2013 22:33:11,"
"1.299,05/04/2013 22:48:29,"
"1.299,05/04/2013 23:03:20,"
"1.299,05/04/2013 23:18:13,"
"1.299,05/04/2013 23:33:08,"
"1.299,05/04/2013 23:48:10,"
"1.299,06/04/2013 00:03:10,"
"1.299,06/04/2013 00:18:09,"
"1.299,06/04/2013 00:33:08,"
"1.299,06/04/2013 00:48:21,"
"1.299,06/04/2013 01:03:03,"
"1.299,06/04/2013 01:18:02,"
"1.299,06/04/2013 01:33:01,"
"1.299,06/04/2013 01:48:02,"
"1.299,06/04/2013 02:03:02,"
"1.299,06/04/2013 02:18:02,"
"1.299,06/04/2013 02:33:02,"
"1.299,06/04/2013 02:48:03,"
"1.299,06/04/2013 08:23:53,"
"1.299,06/04/2013 09:18:15,"
"1.299,06/04/2013 09:33:14,"
"1.299,06/04/2013 09:48:06,"
"1.299,06/04/2013 10:03:12,"
